{"cameraMode":{"drawMode":0,"name":"Shaded","section":"Shading Mode"},"sceneLighting":false,"audioPlay":false,"sceneViewState":{"m_AlwaysRefresh":false,"showFog":true,"showSkybox":false,"showFlares":true,"showImageEffects":true,"showParticleSystems":true,"showVisualEffectGraphs":true,"m_FxEnabled":true},"in2DMode":false,"pivot":{"x":-0.3771631121635437,"y":-18.839494705200197,"z":-25.755481719970704},"rotation":{"x":-0.0006768963066861033,"y":-0.9543584585189819,"z":0.299307256937027,"w":-0.0027627928648144008},"size":23.90546226501465,"orthographic":false}