{"cameraMode":{"drawMode":0,"name":"Shaded","section":"Shading Mode"},"sceneLighting":false,"audioPlay":false,"sceneViewState":{"m_AlwaysRefresh":false,"showFog":true,"showSkybox":false,"showFlares":true,"showImageEffects":true,"showParticleSystems":true,"showVisualEffectGraphs":true,"m_FxEnabled":true},"in2DMode":false,"pivot":{"x":21.384845733642579,"y":-16.426570892333986,"z":0.007508974988013506},"rotation":{"x":-0.24930928647518159,"y":-0.6554557681083679,"z":0.24419143795967103,"w":-0.6700645089149475},"size":15.657085418701172,"orthographic":false}