{"cameraMode":{"drawMode":0,"name":"Shaded","section":"Shading Mode"},"sceneLighting":false,"audioPlay":false,"sceneViewState":{"m_AlwaysRefresh":false,"showFog":true,"showSkybox":false,"showFlares":true,"showImageEffects":true,"showParticleSystems":true,"showVisualEffectGraphs":true,"m_FxEnabled":true},"in2DMode":false,"pivot":{"x":21.675081253051759,"y":-160.5369873046875,"z":-283.7475280761719},"rotation":{"x":-0.011706428602337838,"y":-0.9653743505477905,"z":0.25722959637641909,"w":-0.044211916625499728},"size":166.35684204101563,"orthographic":false}