{"cameraMode":{"drawMode":0,"name":"Shaded","section":"Shading Mode"},"sceneLighting":false,"audioPlay":false,"sceneViewState":{"m_AlwaysRefresh":false,"showFog":true,"showSkybox":false,"showFlares":true,"showImageEffects":true,"showParticleSystems":true,"showVisualEffectGraphs":true,"m_FxEnabled":true},"in2DMode":false,"pivot":{"x":5.081363201141357,"y":2.517333745956421,"z":4.8363752365112309},"rotation":{"x":0.2324976772069931,"y":0.11917522549629212,"z":-0.028605736792087556,"w":0.9650302529335022},"size":1.1805965900421143,"orthographic":false}